cod_dane,Municipio,Departamento,SubPDET,n_edificios_goo,area_total_goo,area_prom_goo,n_edificios_ms,area_total_ms,area_prom_ms
05031,AMALFI,ANTIOQUIA,BAJO CAUCA Y NORDESTE ANTIOQUEÑO,2380.0,170505.65,71.64,0.0,0.0,0.0
05040,ANORÍ,ANTIOQUIA,BAJO CAUCA Y NORDESTE ANTIOQUEÑO,6272.0,454241.98,72.42,0.0,0.0,0.0
05045,APARTADÓ,ANTIOQUIA,URABÁ ANTIOQUEÑO,30278.0,3343477.98,110.43,0.0,0.0,0.0
05107,BRICEÑO,ANTIOQUIA,BAJO CAUCA Y NORDESTE ANTIOQUEÑO,2844.0,190009.9,66.81,0.0,0.0,0.0
05120,CÁCERES,ANTIOQUIA,BAJO CAUCA Y NORDESTE ANTIOQUEÑO,10325.0,897867.86,86.96,0.0,0.0,0.0
05147,CAREPA,ANTIOQUIA,URABÁ ANTIOQUEÑO,14007.0,1594428.16,113.83,0.0,0.0,0.0
05154,CAUCASIA,ANTIOQUIA,BAJO CAUCA Y NORDESTE ANTIOQUEÑO,25146.0,2543190.22,101.14,0.0,0.0,0.0
05172,CHIGORODÓ,ANTIOQUIA,URABÁ ANTIOQUEÑO,16240.0,1768196.05,108.88,0.0,0.0,0.0
05234,DABEIBA,ANTIOQUIA,URABÁ ANTIOQUEÑO,6111.0,441914.2,72.31,0.0,0.0,0.0
05250,EL BAGRE,ANTIOQUIA,BAJO CAUCA Y NORDESTE ANTIOQUEÑO,11965.0,1172243.36,97.97,0.0,0.0,0.0
05361,ITUANGO,ANTIOQUIA,BAJO CAUCA Y NORDESTE ANTIOQUEÑO,7175.0,559061.75,77.92,0.0,0.0,0.0
05475,MURINDÓ,ANTIOQUIA,CHOCÓ,0.0,0.0,0.0,0.0,0.0,0.0
05480,MUTATÁ,ANTIOQUIA,URABÁ ANTIOQUEÑO,4546.0,431817.72,94.99,0.0,0.0,0.0
05490,NECOCLÍ,ANTIOQUIA,URABÁ ANTIOQUEÑO,27053.0,2164626.22,80.01,0.0,0.0,0.0
05495,NECHÍ,ANTIOQUIA,BAJO CAUCA Y NORDESTE ANTIOQUEÑO,2784.0,206439.7,74.15,0.0,0.0,0.0
05604,REMEDIOS,ANTIOQUIA,BAJO CAUCA Y NORDESTE ANTIOQUEÑO,10927.0,883107.63,80.82,0.0,0.0,0.0
05665,SAN PEDRO DE URABA,ANTIOQUIA,URABÁ ANTIOQUEÑO,18810.0,1546038.31,82.19,0.0,0.0,0.0
05736,SEGOVIA,ANTIOQUIA,BAJO CAUCA Y NORDESTE ANTIOQUEÑO,13403.0,1089834.69,81.31,0.0,0.0,0.0
05790,TARAZÁ,ANTIOQUIA,BAJO CAUCA Y NORDESTE ANTIOQUEÑO,9559.0,746987.87,78.14,0.0,0.0,0.0
05837,TURBO,ANTIOQUIA,URABÁ ANTIOQUEÑO,66587.0,5607169.7,84.21,0.0,0.0,0.0
05854,VALDIVIA,ANTIOQUIA,BAJO CAUCA Y NORDESTE ANTIOQUEÑO,5206.0,400815.15,76.99,0.0,0.0,0.0
05873,VIGÍA DEL FUERTE,ANTIOQUIA,CHOCÓ,0.0,0.0,0.0,0.0,0.0,0.0
05893,YONDÓ,ANTIOQUIA,SUR DE BOLÍVAR,8870.0,824735.73,92.98,0.0,0.0,0.0
05895,ZARAGOZA,ANTIOQUIA,BAJO CAUCA Y NORDESTE ANTIOQUEÑO,9110.0,658626.48,72.3,0.0,0.0,0.0
13042,ARENAL,BOLÍVAR,SUR DE BOLÍVAR,5951.0,461313.08,77.52,0.0,0.0,0.0
13160,CANTAGALLO,BOLÍVAR,SUR DE BOLÍVAR,4082.0,314823.61,77.12,0.0,0.0,0.0
13212,CÓRDOBA,BOLÍVAR,MONTES DE MARÍA,8331.0,612645.28,73.54,0.0,0.0,0.0
13244,EL CARMEN DE BOLÍVAR,BOLÍVAR,MONTES DE MARÍA,32342.0,2346603.59,72.56,0.0,0.0,0.0
13248,EL GUAMO,BOLÍVAR,MONTES DE MARÍA,4147.0,343955.47,82.94,0.0,0.0,0.0
13442,MARÍA LA BAJA,BOLÍVAR,MONTES DE MARÍA,17356.0,1346692.72,77.59,0.0,0.0,0.0
13473,MORALES,BOLÍVAR,SUR DE BOLÍVAR,10213.0,828772.76,81.15,0.0,0.0,0.0
13654,SAN JACINTO,BOLÍVAR,MONTES DE MARÍA,12319.0,896609.83,72.78,0.0,0.0,0.0
13657,SAN JUAN NEPOMUCENO,BOLÍVAR,MONTES DE MARÍA,18529.0,1357151.65,73.24,0.0,0.0,0.0
13670,SAN PABLO,BOLÍVAR,SUR DE BOLÍVAR,13440.0,1052887.92,78.34,0.0,0.0,0.0
13688,SANTA ROSA DEL SUR,BOLÍVAR,SUR DE BOLÍVAR,16266.0,1413893.34,86.92,0.0,0.0,0.0
13744,SIMITÍ,BOLÍVAR,SUR DE BOLÍVAR,9288.0,785271.63,84.55,0.0,0.0,0.0
13894,ZAMBRANO,BOLÍVAR,MONTES DE MARÍA,5109.0,414279.51,81.09,0.0,0.0,0.0
18001,FLORENCIA,CAQUETÁ,CUENCA DEL CAGUÁN Y PIEDEMONTE CAQUETEÑO,48674.0,6925916.84,142.29,0.0,0.0,0.0
18029,ALBANIA,CAQUETÁ,CUENCA DEL CAGUÁN Y PIEDEMONTE CAQUETEÑO,2464.0,306244.77,124.29,0.0,0.0,0.0
18094,BELÉN DE LOS ANDAQUÍES,CAQUETÁ,CUENCA DEL CAGUÁN Y PIEDEMONTE CAQUETEÑO,4377.0,524918.31,119.93,0.0,0.0,0.0
18150,CARTAGENA DEL CHAIRÁ,CAQUETÁ,CUENCA DEL CAGUÁN Y PIEDEMONTE CAQUETEÑO,13522.0,1772839.1,131.11,0.0,0.0,0.0
18205,CURILLO,CAQUETÁ,CUENCA DEL CAGUÁN Y PIEDEMONTE CAQUETEÑO,3244.0,374250.72,115.37,0.0,0.0,0.0
18247,EL DONCELLO,CAQUETÁ,CUENCA DEL CAGUÁN Y PIEDEMONTE CAQUETEÑO,7536.0,1117148.57,148.24,0.0,0.0,0.0
18256,EL PAUJIL,CAQUETÁ,CUENCA DEL CAGUÁN Y PIEDEMONTE CAQUETEÑO,5022.0,671130.6,133.64,0.0,0.0,0.0
18410,LA MONTAÑITA,CAQUETÁ,CUENCA DEL CAGUÁN Y PIEDEMONTE CAQUETEÑO,7758.0,861953.2,111.11,0.0,0.0,0.0
18460,MILÁN,CAQUETÁ,CUENCA DEL CAGUÁN Y PIEDEMONTE CAQUETEÑO,2898.0,327137.54,112.88,0.0,0.0,0.0
18479,MORELIA,CAQUETÁ,CUENCA DEL CAGUÁN Y PIEDEMONTE CAQUETEÑO,1889.0,252922.39,133.89,0.0,0.0,0.0
18592,PUERTO RICO,CAQUETÁ,CUENCA DEL CAGUÁN Y PIEDEMONTE CAQUETEÑO,10268.0,1254136.3,122.14,0.0,0.0,0.0
18610,SAN JOSÉ DEL FRAGUA,CAQUETÁ,CUENCA DEL CAGUÁN Y PIEDEMONTE CAQUETEÑO,4283.0,475490.52,111.02,0.0,0.0,0.0
18753,SAN VICENTE DEL CAGUÁN,CAQUETÁ,CUENCA DEL CAGUÁN Y PIEDEMONTE CAQUETEÑO,17877.0,2420698.51,135.41,0.0,0.0,0.0
18756,SOLANO,CAQUETÁ,CUENCA DEL CAGUÁN Y PIEDEMONTE CAQUETEÑO,5121.0,567560.34,110.83,722.0,56480.8,78.23
18785,SOLITA,CAQUETÁ,CUENCA DEL CAGUÁN Y PIEDEMONTE CAQUETEÑO,2470.0,284922.79,115.35,0.0,0.0,0.0
18860,VALPARAÍSO,CAQUETÁ,CUENCA DEL CAGUÁN Y PIEDEMONTE CAQUETEÑO,3971.0,499444.85,125.77,0.0,0.0,0.0
19050,ARGELIA,CAUCA,ALTO PATÍA Y NORTE DEL CAUCA,11459.0,901909.4,78.71,0.0,0.0,0.0
19075,BALBOA,CAUCA,ALTO PATÍA Y NORTE DEL CAUCA,10961.0,827026.86,75.45,0.0,0.0,0.0
19110,BUENOS AIRES,CAUCA,ALTO PATÍA Y NORTE DEL CAUCA,11651.0,1021530.92,87.68,0.0,0.0,0.0
19130,CAJIBÍO,CAUCA,ALTO PATÍA Y NORTE DEL CAUCA,35199.0,2444433.42,69.45,0.0,0.0,0.0
19137,CALDONO,CAUCA,ALTO PATÍA Y NORTE DEL CAUCA,12983.0,1141224.59,87.9,0.0,0.0,0.0
19142,CALOTO,CAUCA,ALTO PATÍA Y NORTE DEL CAUCA,10592.0,1233074.67,116.42,0.0,0.0,0.0
19212,CORINTO,CAUCA,ALTO PATÍA Y NORTE DEL CAUCA,8972.0,834687.54,93.03,0.0,0.0,0.0
19256,EL TAMBO,CAUCA,ALTO PATÍA Y NORTE DEL CAUCA,32864.0,2280982.59,69.41,0.0,0.0,0.0
19318,GUAPI,CAUCA,PACÍFICO MEDIO,5699.0,510643.59,89.6,0.0,0.0,0.0
19364,JAMBALÓ,CAUCA,ALTO PATÍA Y NORTE DEL CAUCA,5575.0,390423.24,70.03,0.0,0.0,0.0
19418,LÓPEZ,CAUCA,PACÍFICO MEDIO,18.0,893.64,49.65,0.0,0.0,0.0
19450,MERCADERES,CAUCA,ALTO PATÍA Y NORTE DEL CAUCA,9682.0,852539.47,88.05,0.0,0.0,0.0
19455,MIRANDA,CAUCA,ALTO PATÍA Y NORTE DEL CAUCA,8973.0,1152499.81,128.44,0.0,0.0,0.0
19473,MORALES,CAUCA,ALTO PATÍA Y NORTE DEL CAUCA,26515.0,1855717.3,69.99,0.0,0.0,0.0
19532,PATÍA,CAUCA,ALTO PATÍA Y NORTE DEL CAUCA,15391.0,1414769.37,91.92,0.0,0.0,0.0
19548,PIENDAMÓ,CAUCA,ALTO PATÍA Y NORTE DEL CAUCA,26008.0,2503284.78,96.25,0.0,0.0,0.0
19698,SANTANDER DE QUILICHAO,CAUCA,ALTO PATÍA Y NORTE DEL CAUCA,30564.0,3588799.88,117.42,0.0,0.0,0.0
19780,SUÁREZ,CAUCA,ALTO PATÍA Y NORTE DEL CAUCA,12288.0,834611.74,67.92,0.0,0.0,0.0
19809,TIMBIQUÍ,CAUCA,PACÍFICO MEDIO,5267.0,427126.03,81.09,0.0,0.0,0.0
19821,TORIBIO,CAUCA,ALTO PATÍA Y NORTE DEL CAUCA,9799.0,726449.8,74.14,0.0,0.0,0.0
20001,VALLEDUPAR,CESAR,SIERRA NEVADA - PERIJÁ,141586.0,14440557.18,101.99,0.0,0.0,0.0
20013,AGUSTÍN CODAZZI,CESAR,SIERRA NEVADA - PERIJÁ,29657.0,2562953.35,86.42,0.0,0.0,0.0
20045,BECERRIL,CESAR,SIERRA NEVADA - PERIJÁ,10953.0,866578.84,79.12,0.0,0.0,0.0
20400,LA JAGUA DE IBIRICO,CESAR,SIERRA NEVADA - PERIJÁ,17283.0,1541656.7,89.2,0.0,0.0,0.0
20443,MANAURE BALCÓN DEL CESAR,CESAR,SIERRA NEVADA - PERIJÁ,5095.0,435958.17,85.57,0.0,0.0,0.0
20570,PUEBLO BELLO,CESAR,SIERRA NEVADA - PERIJÁ,13010.0,906988.04,69.71,0.0,0.0,0.0
20621,LA PAZ,CESAR,SIERRA NEVADA - PERIJÁ,16744.0,1273841.64,76.08,0.0,0.0,0.0
20750,SAN DIEGO,CESAR,SIERRA NEVADA - PERIJÁ,10003.0,829255.56,82.9,0.0,0.0,0.0
23466,MONTELÍBANO,CÓRDOBA,SUR DE CÓRDOBA,23709.0,2323163.08,97.99,0.0,0.0,0.0
23580,PUERTO LIBERTADOR,CÓRDOBA,SUR DE CÓRDOBA,12365.0,1041882.35,84.26,0.0,0.0,0.0
23682,SAN JOSE DE URE,CÓRDOBA,SUR DE CÓRDOBA,3380.0,252523.62,74.71,0.0,0.0,0.0
23807,TIERRALTA,CÓRDOBA,SUR DE CÓRDOBA,37326.0,2910316.84,77.97,0.0,0.0,0.0
23855,VALENCIA,CÓRDOBA,SUR DE CÓRDOBA,21206.0,1593477.88,75.14,0.0,0.0,0.0
27006,ACANDÍ,CHOCÓ,CHOCÓ,5491.0,436033.76,79.41,0.0,0.0,0.0
27099,BOJAYA,CHOCÓ,CHOCÓ,0.0,0.0,0.0,0.0,0.0,0.0
27150,CARMEN DEL DARIEN,CHOCÓ,CHOCÓ,236.0,11757.26,49.82,0.0,0.0,0.0
27205,CONDOTO,CHOCÓ,CHOCÓ,215.0,17359.15,80.74,0.0,0.0,0.0
27250,EL LITORAL DEL SAN JUAN,CHOCÓ,CHOCÓ,277.0,33208.81,119.89,0.0,0.0,0.0
27361,ISTMINA,CHOCÓ,CHOCÓ,5914.0,623383.83,105.41,0.0,0.0,0.0
27425,MEDIO ATRATO,CHOCÓ,CHOCÓ,256.0,17782.7,69.46,0.0,0.0,0.0
27450,MEDIO SAN JUAN,CHOCÓ,CHOCÓ,0.0,0.0,0.0,0.0,0.0,0.0
27491,NÓVITA,CHOCÓ,CHOCÓ,0.0,0.0,0.0,0.0,0.0,0.0
27615,RIOSUCIO,CHOCÓ,CHOCÓ,860.0,52752.89,61.34,0.0,0.0,0.0
27745,SIPÍ,CHOCÓ,CHOCÓ,0.0,0.0,0.0,0.0,0.0,0.0
27800,UNGUÍA,CHOCÓ,CHOCÓ,4729.0,430233.25,90.98,0.0,0.0,0.0
41020,ALGECIRAS,HUILA,CUENCA DEL CAGUÁN Y PIEDEMONTE CAQUETEÑO,10030.0,1021979.14,101.89,0.0,0.0,0.0
44090,DIBULLA,LA GUAJIRA,SIERRA NEVADA - PERIJÁ,18782.0,1198446.43,63.81,0.0,0.0,0.0
44279,FONSECA,LA GUAJIRA,SIERRA NEVADA - PERIJÁ,20517.0,1616366.18,78.78,0.0,0.0,0.0
44650,SAN JUAN DEL CESAR,LA GUAJIRA,SIERRA NEVADA - PERIJÁ,23844.0,1896155.35,79.52,0.0,0.0,0.0
47001,SANTA MARTA,MAGDALENA,SIERRA NEVADA - PERIJÁ,154601.0,15042266.01,97.3,0.0,0.0,0.0
47053,ARACATACA,MAGDALENA,SIERRA NEVADA - PERIJÁ,16264.0,1558603.91,95.83,0.0,0.0,0.0
47189,CIÉNAGA,MAGDALENA,SIERRA NEVADA - PERIJÁ,34439.0,3660305.0,106.28,0.0,0.0,0.0
47288,FUNDACIÓN,MAGDALENA,SIERRA NEVADA - PERIJÁ,25884.0,2385576.22,92.16,0.0,0.0,0.0
50325,MAPIRIPÁN,META,MACARENA - GUAVIARE,5308.0,476754.8,89.82,0.0,0.0,0.0
50330,MESETAS,META,MACARENA - GUAVIARE,4805.0,507964.03,105.72,0.0,0.0,0.0
50350,LA MACARENA,META,MACARENA - GUAVIARE,8342.0,1012517.25,121.38,0.0,0.0,0.0
50370,URIBE,META,MACARENA - GUAVIARE,2859.0,277571.79,97.09,0.0,0.0,0.0
50450,PUERTO CONCORDIA,META,MACARENA - GUAVIARE,4902.0,441765.73,90.12,0.0,0.0,0.0
50577,PUERTO LLERAS,META,MACARENA - GUAVIARE,5196.0,530970.28,102.19,0.0,0.0,0.0
50590,PUERTO RICO,META,MACARENA - GUAVIARE,7377.0,686924.39,93.12,0.0,0.0,0.0
50711,VISTA HERMOSA,META,MACARENA - GUAVIARE,10286.0,1003241.37,97.53,0.0,0.0,0.0
52079,BARBACOAS,NARIÑO,PACÍFICO Y FRONTERA NARIÑENSE,5333.0,413367.57,77.51,0.0,0.0,0.0
52233,CUMBITARA,NARIÑO,ALTO PATÍA Y NORTE DEL CAUCA,4419.0,326983.03,73.99,0.0,0.0,0.0
52250,EL CHARCO,NARIÑO,PACÍFICO Y FRONTERA NARIÑENSE,4472.0,342326.66,76.55,0.0,0.0,0.0
52256,EL ROSARIO,NARIÑO,ALTO PATÍA Y NORTE DEL CAUCA,6386.0,418397.62,65.52,0.0,0.0,0.0
52390,LA TOLA,NARIÑO,PACÍFICO Y FRONTERA NARIÑENSE,1706.0,145481.01,85.28,0.0,0.0,0.0
52405,LEIVA,NARIÑO,ALTO PATÍA Y NORTE DEL CAUCA,5064.0,363297.78,71.74,0.0,0.0,0.0
52418,LOS ANDES,NARIÑO,ALTO PATÍA Y NORTE DEL CAUCA,5730.0,370007.31,64.57,0.0,0.0,0.0
52427,MAGÜI,NARIÑO,PACÍFICO Y FRONTERA NARIÑENSE,2231.0,219531.8,98.4,0.0,0.0,0.0
52473,MOSQUERA,NARIÑO,PACÍFICO Y FRONTERA NARIÑENSE,501.0,36001.18,71.86,0.0,0.0,0.0
52490,OLAYA HERRERA,NARIÑO,PACÍFICO Y FRONTERA NARIÑENSE,966.0,63754.56,66.0,0.0,0.0,0.0
52520,FRANCISCO PIZARRO,NARIÑO,PACÍFICO Y FRONTERA NARIÑENSE,569.0,38476.8,67.62,0.0,0.0,0.0
52540,POLICARPA,NARIÑO,ALTO PATÍA Y NORTE DEL CAUCA,6385.0,466723.27,73.1,0.0,0.0,0.0
52612,RICAURTE,NARIÑO,PACÍFICO Y FRONTERA NARIÑENSE,156.0,9505.79,60.93,0.0,0.0,0.0
52621,ROBERTO PAYÁN,NARIÑO,PACÍFICO Y FRONTERA NARIÑENSE,296.0,22091.58,74.63,0.0,0.0,0.0
52696,SANTA BÁRBARA,NARIÑO,PACÍFICO Y FRONTERA NARIÑENSE,1273.0,97297.26,76.43,0.0,0.0,0.0
52835,SAN ANDRES DE TUMACO,NARIÑO,PACÍFICO Y FRONTERA NARIÑENSE,42556.0,3458019.47,81.26,0.0,0.0,0.0
54206,CONVENCIÓN,NORTE DE SANTANDER,CATATUMBO,11501.0,1014550.73,88.21,0.0,0.0,0.0
54245,EL CARMEN,NORTE DE SANTANDER,CATATUMBO,7292.0,614698.2,84.3,0.0,0.0,0.0
54250,EL TARRA,NORTE DE SANTANDER,CATATUMBO,8483.0,740324.22,87.27,0.0,0.0,0.0
54344,HACARÍ,NORTE DE SANTANDER,CATATUMBO,5830.0,469870.0,80.6,0.0,0.0,0.0
54670,SAN CALIXTO,NORTE DE SANTANDER,CATATUMBO,6467.0,501574.71,77.56,0.0,0.0,0.0
54720,SARDINATA,NORTE DE SANTANDER,CATATUMBO,11071.0,1016625.6,91.83,0.0,0.0,0.0
54800,TEORAMA,NORTE DE SANTANDER,CATATUMBO,8951.0,823128.57,91.96,0.0,0.0,0.0
54810,TIBÚ,NORTE DE SANTANDER,CATATUMBO,28774.0,2509576.15,87.22,0.0,0.0,0.0
70204,COLOSO,SUCRE,MONTES DE MARÍA,5225.0,365924.23,70.03,0.0,0.0,0.0
70230,CHALÁN,SUCRE,MONTES DE MARÍA,2630.0,188889.12,71.82,0.0,0.0,0.0
70418,LOS PALMITOS,SUCRE,MONTES DE MARÍA,11874.0,802247.83,67.56,0.0,0.0,0.0
70473,MORROA,SUCRE,MONTES DE MARÍA,9200.0,620744.09,67.47,0.0,0.0,0.0
70508,OVEJAS,SUCRE,MONTES DE MARÍA,13722.0,968401.02,70.57,0.0,0.0,0.0
70523,SAN ANTONIO DE PALMITO,SUCRE,MONTES DE MARÍA,7768.0,470665.68,60.59,0.0,0.0,0.0
70713,SAN ONOFRE,SUCRE,MONTES DE MARÍA,20801.0,1563160.37,75.15,0.0,0.0,0.0
70823,TOLÚ VIEJO,SUCRE,MONTES DE MARÍA,12752.0,889893.83,69.78,0.0,0.0,0.0
73067,ATACO,TOLIMA,SUR DEL TOLIMA,4407.0,411308.15,93.33,0.0,0.0,0.0
73168,CHAPARRAL,TOLIMA,SUR DEL TOLIMA,15470.0,1605642.9,103.79,0.0,0.0,0.0
73555,PLANADAS,TOLIMA,SUR DEL TOLIMA,5692.0,469621.14,82.51,0.0,0.0,0.0
73616,RIOBLANCO,TOLIMA,SUR DEL TOLIMA,1080.0,93493.15,86.57,0.0,0.0,0.0
76109,BUENAVENTURA,VALLE DEL CAUCA,PACÍFICO MEDIO,88341.0,7104404.67,80.42,0.0,0.0,0.0
76275,FLORIDA,VALLE DEL CAUCA,ALTO PATÍA Y NORTE DEL CAUCA,11711.0,1514395.63,129.31,0.0,0.0,0.0
76563,PRADERA,VALLE DEL CAUCA,ALTO PATÍA Y NORTE DEL CAUCA,10737.0,1428958.36,133.09,0.0,0.0,0.0
81065,ARAUQUITA,ARAUCA,ARAUCA,29783.0,2748352.15,92.28,0.0,0.0,0.0
81300,FORTUL,ARAUCA,ARAUCA,13102.0,1254720.43,95.77,0.0,0.0,0.0
81736,SARAVENA,ARAUCA,ARAUCA,21032.0,1856962.01,88.29,0.0,0.0,0.0
81794,TAME,ARAUCA,ARAUCA,30013.0,3000073.12,99.96,0.0,0.0,0.0
86001,MOCOA,PUTUMAYO,PUTUMAYO,17912.0,1990659.57,111.14,0.0,0.0,0.0
86320,ORITO,PUTUMAYO,PUTUMAYO,15557.0,1518767.4,97.63,0.0,0.0,0.0
86568,PUERTO ASÍS,PUTUMAYO,PUTUMAYO,23486.0,2455945.75,104.57,0.0,0.0,0.0
86569,PUERTO CAICEDO,PUTUMAYO,PUTUMAYO,6586.0,646868.71,98.22,0.0,0.0,0.0
86571,PUERTO GUZMÁN,PUTUMAYO,PUTUMAYO,6915.0,643560.26,93.07,0.0,0.0,0.0
86573,LEGUÍZAMO,PUTUMAYO,PUTUMAYO,8772.0,899945.01,102.59,4536.0,645665.1,142.34
86757,SAN MIGUEL,PUTUMAYO,PUTUMAYO,10165.0,856231.88,84.23,0.0,0.0,0.0
86865,VALLE DEL GUAMUEZ,PUTUMAYO,PUTUMAYO,13890.0,1388589.35,99.97,0.0,0.0,0.0
86885,VILLAGARZÓN,PUTUMAYO,PUTUMAYO,11115.0,1205484.17,108.46,0.0,0.0,0.0
95001,SAN JOSÉ DEL GUAVIARE,GUAVIARE,MACARENA - GUAVIARE,27652.0,2981048.59,107.81,0.0,0.0,0.0
95015,CALAMAR,GUAVIARE,MACARENA - GUAVIARE,4777.0,494491.59,103.52,0.0,0.0,0.0
95025,EL RETORNO,GUAVIARE,MACARENA - GUAVIARE,9259.0,859422.22,92.82,0.0,0.0,0.0
95200,MIRAFLORES,GUAVIARE,MACARENA - GUAVIARE,3072.0,297962.11,96.99,0.0,0.0,0.0
